seed,angle_deg,dot_prod,space
1337,89.74267303859496,0.004491187632083893,z
